tamano_muestral,media_muestral,limite_inferior,limite_superior,ancho_intervalo
30,6.715999999999998,6.388777068727412,7.0432229312725845,0.6544458625451721
60,6.683333333333334,6.464579140084237,6.90208752658243,0.4375083864981928
120,6.51375,6.365033910994754,6.662466089005246,0.29743217801049227
240,6.608999999999999,6.504202195258212,6.713797804741787,0.20959560948357492
400,6.588525,6.5087414023345564,6.668308597665443,0.1595671953308866
