variable,n,media_muestral,desv_std_muestral,nivel_confianza,limite_inferior,limite_superior,ancho_intervalo
horas_sueno,400,6.588525,0.8116637663151363,0.9,6.521616246851009,6.655433753148991,0.13381750629798184
horas_sueno,400,6.588525,0.8116637663151363,0.95,6.5087414023345564,6.668308597665443,0.1595671953308866
horas_sueno,400,6.588525,0.8116637663151363,0.99,6.48348730126194,6.693562698738059,0.21007539747611936
minutos_actividad_fisica_semana,400,166.525,99.34232037022969,0.9,158.33580754525278,174.71419245474723,16.378384909494457
minutos_actividad_fisica_semana,400,166.525,99.34232037022969,0.95,156.76001103720242,176.2899889627976,19.529977925595176
minutos_actividad_fisica_semana,400,166.525,99.34232037022969,0.99,153.66907473631557,179.38092526368445,25.71185052736888
