tamano_muestral,media_de_las_medias,std_de_las_medias,error_estandar_teorico
5,6.58504,0.37541747519352464,0.37171669939256646
30,6.588707,0.15335394109352254,0.15175270706388494
80,6.5932545,0.09131647453785119,0.09292917484814162
